INSERT INTO
	Executor(id, name)
VALUES
	(1, 'МакSим'),
	(2, 'Loboda'),
	(3, 'Ленинград'),
    (4, 'Руки Вверх'),
    (5, 'Кино'),
    (6, 'Баста'),
    (7, 'Eminen'),
    (8, 'Боб Марли');
   
INSERT INTO
	Genre(id, name)
VALUES
    (1, 'Поп'),
    (2, 'Рэп'),
    (3, 'Рок'),
    (4, 'Шансон'),
    (5, 'Регги');
    
INSERT INTO GenreExecutor 
	(executor_id, genre_id)
VALUES 
	(1, 1),
	(2, 1),
	(2, 2),
	(3, 4),
	(4, 1),
	(5, 3),
	(6, 2),
	(7, 2),
	(8, 5);
	
INSERT INTO
	Album(id, name, year_of_issue)
VALUES
    (1, 'Трудный возраст', 2006),
    (2, 'Ты не забудешь', 2005),
    (3, 'Пуля', 1999),
    (4, 'Огонь', 2001),
    (5, 'Звезда по имени солнце', 1989),
    (6, 'Баста_Смоки_Мо', 2015),
    (7, 'Kamikaze', 2020),
    (8, 'Для миллионов', 2003),
    (9, 'The Best of the Wailers', 1992),
    (10, 'Черный альбом', 2018);
   
INSERT INTO ExecutorAlbum 
	(executor_id, album_id)
VALUES
	(1, 1),
	(2, 2),
	(3, 3),
	(3, 8),
	(4, 4),
	(5, 5),
	(5, 10),
	(6, 6),
	(7, 7),
	(8, 9);

INSERT INTO
	compilation (id, name, year)
VALUES
    (1, 'Медляки', 2013),
    (2, 'Легенды русского рока', 2003),
    (3, 'Поп_музыка', 2006),
    (4, 'Новый_рэп', 2018),
    (5, 'Регги на 100PRO', 1999);
    
INSERT INTO
	Track(id, name, duration, album_id)
VALUES
    (1, 'Лолита', 251, 1),
    (2, 'Нежность', 198, 1),
    (3, 'You will not forget', 244, 2),
    (4, 'Я забуду тебя', 249, 2),
    (5, 'Я так люблю тебя', 171, 3),
    (6, 'Таблетка', 257, 3),
    (7, 'Энергия нового поколения', 235, 4),
    (8, 'Огонь', 298, 4),
    (9, 'Песня без слов', 307, 5),
    (10, 'Пачка сигарет', 269, 5),
    (11, 'Музыка мафия', 323, 6),
    (12, 'Каменные цветы', 278, 6),
    (13, 'The Ringer', 338, 7),
    (14, 'Greatest', 227, 7),
    (15, 'Do it twice', 161, 9),
    (16, 'Май', 154, 8),
    (17, 'Кончится лето', 356, 10);
   
INSERT INTO
	CompilationTrack(compilation_id, track_id)
VALUES
    (1, 1),
    (1, 2),
    (3, 3),
    (3, 4),
    (2, 5),
    (2, 6),
    (3, 7),
    (2, 9),
    (2, 10),
    (4, 11),
    (4, 13),
    (5, 15),
    (2, 16),
    (2, 17);









